title,price,link
Hotel room in San Francisco,"$126 
$111 
night
$111 per night, originally $126",https://www.airbnb.com/rooms/51756252?adults=1&children=0&enable_m3_private_room=false&infants=0&pets=0&check_in=2023-04-18&check_out=2023-04-23&previous_page_section_name=1000&federated_search_id=5815d214-b164-4728-914a-ef300d97e7d7
Private room in San Francisco,"$92 
$62 
night
$62 per night, originally $92",https://www.airbnb.com/rooms/28935882?adults=1&children=0&enable_m3_private_room=false&infants=0&pets=0&check_in=2023-05-21&check_out=2023-05-26&previous_page_section_name=1000&federated_search_id=5815d214-b164-4728-914a-ef300d97e7d7
Hotel room in San Francisco,"$158 
$139 
night
$139 per night, originally $158",https://www.airbnb.com/rooms/51790196?adults=1&children=0&enable_m3_private_room=false&infants=0&pets=0&check_in=2023-04-18&check_out=2023-04-23&previous_page_section_name=1000&federated_search_id=5815d214-b164-4728-914a-ef300d97e7d7
Private room in San Francisco,"$76 
$65 
night
$65 per night, originally $76",https://www.airbnb.com/rooms/727020706003694659?adults=1&children=0&enable_m3_private_room=false&infants=0&pets=0&check_in=2023-05-07&check_out=2023-05-13&previous_page_section_name=1000&federated_search_id=5815d214-b164-4728-914a-ef300d97e7d7
Private room in San Francisco,"$75 
$60 
night
$60 per night, originally $75",https://www.airbnb.com/rooms/648545594256455054?adults=1&children=0&enable_m3_private_room=false&infants=0&pets=0&check_in=2023-04-18&check_out=2023-04-25&previous_page_section_name=1000&federated_search_id=5815d214-b164-4728-914a-ef300d97e7d7
Private room in San Francisco,"$66 
night
$66 per night",https://www.airbnb.com/rooms/51473651?adults=1&children=0&enable_m3_private_room=false&infants=0&pets=0&check_in=2023-05-15&check_out=2023-05-20&previous_page_section_name=1000&federated_search_id=5815d214-b164-4728-914a-ef300d97e7d7
Guest suite in Daly City,"$183 
night
$183 per night",https://www.airbnb.com/rooms/39653321?adults=1&children=0&enable_m3_private_room=false&infants=0&pets=0&check_in=2023-04-29&check_out=2023-05-04&previous_page_section_name=1000&federated_search_id=5815d214-b164-4728-914a-ef300d97e7d7
Private room in San Francisco,"$138 
$110 
night
$110 per night, originally $138",https://www.airbnb.com/rooms/866785294233700639?adults=1&children=0&enable_m3_private_room=false&infants=0&pets=0&check_in=2023-04-18&check_out=2023-04-23&previous_page_section_name=1000&federated_search_id=5815d214-b164-4728-914a-ef300d97e7d7
Shared room in San Francisco,"$42 
night
$42 per night",https://www.airbnb.com/rooms/51621893?adults=1&children=0&enable_m3_private_room=false&infants=0&pets=0&check_in=2023-04-18&check_out=2023-04-23&previous_page_section_name=1000&federated_search_id=5815d214-b164-4728-914a-ef300d97e7d7
Guest suite in San Francisco,"$143 
$113 
night
$113 per night, originally $143",https://www.airbnb.com/rooms/23209264?adults=1&children=0&enable_m3_private_room=false&infants=0&pets=0&check_in=2023-05-13&check_out=2023-05-18&previous_page_section_name=1000&federated_search_id=5815d214-b164-4728-914a-ef300d97e7d7
Private room in South San Francisco,"$51 
night
$51 per night",https://www.airbnb.com/rooms/781023713733771997?adults=1&children=0&enable_m3_private_room=false&infants=0&pets=0&check_in=2023-05-16&check_out=2023-05-22&previous_page_section_name=1000&federated_search_id=5815d214-b164-4728-914a-ef300d97e7d7
Guest suite in San Francisco,"$194 
night
$194 per night",https://www.airbnb.com/rooms/13845578?adults=1&children=0&enable_m3_private_room=false&infants=0&pets=0&check_in=2023-04-27&check_out=2023-05-02&previous_page_section_name=1000&federated_search_id=5815d214-b164-4728-914a-ef300d97e7d7
Private room in San Francisco,"$75 
night
$75 per night",https://www.airbnb.com/rooms/35809668?adults=1&children=0&enable_m3_private_room=false&infants=0&pets=0&check_in=2023-05-04&check_out=2023-05-10&previous_page_section_name=1000&federated_search_id=5815d214-b164-4728-914a-ef300d97e7d7
Private room in San Francisco,"$83 
$50 
night
$50 per night, originally $83",https://www.airbnb.com/rooms/617452165515743153?adults=1&children=0&enable_m3_private_room=false&infants=0&pets=0&check_in=2023-04-30&check_out=2023-05-06&previous_page_section_name=1000&federated_search_id=5815d214-b164-4728-914a-ef300d97e7d7
Private room in San Francisco,"$60 
$54 
night
$54 per night, originally $60",https://www.airbnb.com/rooms/598112337364714927?adults=1&children=0&enable_m3_private_room=false&infants=0&pets=0&check_in=2023-06-01&check_out=2023-06-08&previous_page_section_name=1000&federated_search_id=5815d214-b164-4728-914a-ef300d97e7d7
Private room in San Francisco,"$74 
$57 
night
$57 per night, originally $74",https://www.airbnb.com/rooms/39996711?adults=1&children=0&enable_m3_private_room=false&infants=0&pets=0&check_in=2023-05-01&check_out=2023-05-06&previous_page_section_name=1000&federated_search_id=5815d214-b164-4728-914a-ef300d97e7d7
Private room in San Francisco,"$74 
$53 
night
$53 per night, originally $74",https://www.airbnb.com/rooms/35773104?adults=1&children=0&enable_m3_private_room=false&infants=0&pets=0&check_in=2023-05-02&check_out=2023-05-08&previous_page_section_name=1000&federated_search_id=5815d214-b164-4728-914a-ef300d97e7d7
Private room in San Francisco,"$71 
night
$71 per night",https://www.airbnb.com/rooms/690193375801701189?adults=1&children=0&enable_m3_private_room=false&infants=0&pets=0&check_in=2023-07-01&check_out=2023-07-06&previous_page_section_name=1000&federated_search_id=5815d214-b164-4728-914a-ef300d97e7d7
Private room in San Francisco,"$65 
night
$65 per night",https://www.airbnb.com/rooms/857998906734646510?adults=1&children=0&enable_m3_private_room=false&infants=0&pets=0&check_in=2023-05-01&check_out=2023-05-06&previous_page_section_name=1000&federated_search_id=fadecda0-d2ee-4e92-8744-56bfa55181cf
Private room in South San Francisco,"$63 
$51 
night
$51 per night, originally $63",https://www.airbnb.com/rooms/21438452?adults=1&children=0&enable_m3_private_room=false&infants=0&pets=0&check_in=2023-04-18&check_out=2023-04-23&previous_page_section_name=1000&federated_search_id=fadecda0-d2ee-4e92-8744-56bfa55181cf
Private room in San Francisco,"$78 
night
$78 per night",https://www.airbnb.com/rooms/220418?adults=1&children=0&enable_m3_private_room=false&infants=0&pets=0&check_in=2023-05-03&check_out=2023-05-08&previous_page_section_name=1000&federated_search_id=fadecda0-d2ee-4e92-8744-56bfa55181cf
Hotel room in San Francisco,"$198 
$171 
night
$171 per night, originally $198",https://www.airbnb.com/rooms/51433945?adults=1&children=0&enable_m3_private_room=false&infants=0&pets=0&check_in=2023-04-18&check_out=2023-04-24&previous_page_section_name=1000&federated_search_id=fadecda0-d2ee-4e92-8744-56bfa55181cf
Private room in San Francisco,"$53 
night
$53 per night",https://www.airbnb.com/rooms/600591926029634502?adults=1&children=0&enable_m3_private_room=false&infants=0&pets=0&check_in=2023-05-03&check_out=2023-05-08&previous_page_section_name=1000&federated_search_id=fadecda0-d2ee-4e92-8744-56bfa55181cf
Private room in San Francisco,"$93 
$82 
night
$82 per night, originally $93",https://www.airbnb.com/rooms/737277679357691697?adults=1&children=0&enable_m3_private_room=false&infants=0&pets=0&check_in=2023-05-07&check_out=2023-05-12&previous_page_section_name=1000&federated_search_id=fadecda0-d2ee-4e92-8744-56bfa55181cf
Private room in Foster City,"$50 
night
$50 per night",https://www.airbnb.com/rooms/868375495900940696?adults=1&children=0&enable_m3_private_room=false&infants=0&pets=0&check_in=2023-04-23&check_out=2023-04-30&previous_page_section_name=1000&federated_search_id=fadecda0-d2ee-4e92-8744-56bfa55181cf
Private room in San Francisco,"$76 
$67 
night
$67 per night, originally $76",https://www.airbnb.com/rooms/815561340398335999?adults=1&children=0&enable_m3_private_room=false&infants=0&pets=0&check_in=2023-04-30&check_out=2023-05-05&previous_page_section_name=1000&federated_search_id=fadecda0-d2ee-4e92-8744-56bfa55181cf
Private room in San Francisco,"$133 
$98 
night
$98 per night, originally $133",https://www.airbnb.com/rooms/36021015?adults=1&children=0&enable_m3_private_room=false&infants=0&pets=0&check_in=2023-05-05&check_out=2023-05-11&previous_page_section_name=1000&federated_search_id=fadecda0-d2ee-4e92-8744-56bfa55181cf
Private room in San Francisco,"$91 
night
$91 per night",https://www.airbnb.com/rooms/14386727?adults=1&children=0&enable_m3_private_room=false&infants=0&pets=0&check_in=2023-04-24&check_out=2023-05-01&previous_page_section_name=1000&federated_search_id=fadecda0-d2ee-4e92-8744-56bfa55181cf
Private room in San Francisco,"$56 
night
$56 per night",https://www.airbnb.com/rooms/665189829556985935?adults=1&children=0&enable_m3_private_room=false&infants=0&pets=0&check_in=2023-05-14&check_out=2023-05-19&previous_page_section_name=1000&federated_search_id=fadecda0-d2ee-4e92-8744-56bfa55181cf
Apartment in South San Francisco,"$80 
$53 
night
$53 per night, originally $80",https://www.airbnb.com/rooms/818950065108587830?adults=1&children=0&enable_m3_private_room=false&infants=0&pets=0&check_in=2023-04-18&check_out=2023-04-23&previous_page_section_name=1000&federated_search_id=fadecda0-d2ee-4e92-8744-56bfa55181cf
Private room in San Francisco,"$150 
$73 
night
$73 per night, originally $150",https://www.airbnb.com/rooms/25434116?adults=1&children=0&enable_m3_private_room=false&infants=0&pets=0&check_in=2023-04-18&check_out=2023-04-24&previous_page_section_name=1000&federated_search_id=fadecda0-d2ee-4e92-8744-56bfa55181cf
Private room in Daly City,"$69 
night
$69 per night",https://www.airbnb.com/rooms/18347219?adults=1&children=0&enable_m3_private_room=false&infants=0&pets=0&check_in=2023-04-18&check_out=2023-04-23&previous_page_section_name=1000&federated_search_id=fadecda0-d2ee-4e92-8744-56bfa55181cf
Shared room in San Francisco,"$47 
$37 
night
$37 per night, originally $47",https://www.airbnb.com/rooms/35494221?adults=1&children=0&enable_m3_private_room=false&infants=0&pets=0&check_in=2023-04-18&check_out=2023-04-23&previous_page_section_name=1000&federated_search_id=fadecda0-d2ee-4e92-8744-56bfa55181cf
Guest suite in Daly City,"$80 
night
$80 per night",https://www.airbnb.com/rooms/869566143342911871?adults=1&children=0&enable_m3_private_room=false&infants=0&pets=0&check_in=2023-05-03&check_out=2023-05-10&previous_page_section_name=1000&federated_search_id=fadecda0-d2ee-4e92-8744-56bfa55181cf
Private room in San Francisco,"$50 
night
$50 per night",https://www.airbnb.com/rooms/16858141?adults=1&children=0&enable_m3_private_room=false&infants=0&pets=0&check_in=2023-04-20&check_out=2023-04-27&previous_page_section_name=1000&federated_search_id=fadecda0-d2ee-4e92-8744-56bfa55181cf
Private room in San Francisco,"$170 
$68 
night
$68 per night, originally $170",https://www.airbnb.com/rooms/742493381666228651?adults=1&children=0&enable_m3_private_room=false&infants=0&pets=0&check_in=2023-05-01&check_out=2023-05-06&previous_page_section_name=1000&federated_search_id=fadecda0-d2ee-4e92-8744-56bfa55181cf
Private room in San Francisco,"$73 
night
$73 per night",https://www.airbnb.com/rooms/850205084789985419?adults=1&children=0&enable_m3_private_room=false&infants=0&pets=0&check_in=2023-04-23&check_out=2023-04-28&previous_page_section_name=1000&federated_search_id=4c7730d4-2605-4661-ba8f-ce2e41a36fcf
Home in South San Francisco,"$399 
$227 
night
$227 per night, originally $399",https://www.airbnb.com/rooms/42570502?adults=1&children=0&enable_m3_private_room=false&infants=0&pets=0&check_in=2023-04-30&check_out=2023-05-05&previous_page_section_name=1000&federated_search_id=4c7730d4-2605-4661-ba8f-ce2e41a36fcf
Houseboat in South San Francisco,"$52 
night
$52 per night",https://www.airbnb.com/rooms/870274846089965742?adults=1&children=0&enable_m3_private_room=false&infants=0&pets=0&check_in=2023-04-18&check_out=2023-04-23&previous_page_section_name=1000&federated_search_id=4c7730d4-2605-4661-ba8f-ce2e41a36fcf
Private room in San Francisco,"$80 
$53 
night
$53 per night, originally $80",https://www.airbnb.com/rooms/617484890263976639?adults=1&children=0&enable_m3_private_room=false&infants=0&pets=0&check_in=2023-04-30&check_out=2023-05-05&previous_page_section_name=1000&federated_search_id=4c7730d4-2605-4661-ba8f-ce2e41a36fcf
Hotel room in San Francisco,"$102 
night
$102 per night",https://www.airbnb.com/rooms/827583285071780249?adults=1&children=0&enable_m3_private_room=false&infants=0&pets=0&check_in=2023-04-18&check_out=2023-04-23&previous_page_section_name=1000&federated_search_id=4c7730d4-2605-4661-ba8f-ce2e41a36fcf
Hotel room in San Francisco,"$143 
$111 
night
$111 per night, originally $143",https://www.airbnb.com/rooms/35642179?adults=1&children=0&enable_m3_private_room=false&infants=0&pets=0&check_in=2023-04-18&check_out=2023-04-23&previous_page_section_name=1000&federated_search_id=4c7730d4-2605-4661-ba8f-ce2e41a36fcf
Hotel room in San Francisco,"$134 
$118 
night
$118 per night, originally $134",https://www.airbnb.com/rooms/52013923?adults=1&children=0&enable_m3_private_room=false&infants=0&pets=0&check_in=2023-04-28&check_out=2023-05-03&previous_page_section_name=1000&federated_search_id=4c7730d4-2605-4661-ba8f-ce2e41a36fcf
Private room in San Francisco,"$57 
night
$57 per night",https://www.airbnb.com/rooms/759696702405689752?adults=1&children=0&enable_m3_private_room=false&infants=0&pets=0&check_in=2023-07-17&check_out=2023-07-22&previous_page_section_name=1000&federated_search_id=4c7730d4-2605-4661-ba8f-ce2e41a36fcf
Private room in South San Francisco,"$55 
night
$55 per night",https://www.airbnb.com/rooms/30962699?adults=1&children=0&enable_m3_private_room=false&infants=0&pets=0&check_in=2023-04-18&check_out=2023-04-25&previous_page_section_name=1000&federated_search_id=4c7730d4-2605-4661-ba8f-ce2e41a36fcf
Private room in San Francisco,"$100 
$66 
night
$66 per night, originally $100",https://www.airbnb.com/rooms/25592607?adults=1&children=0&enable_m3_private_room=false&infants=0&pets=0&check_in=2023-04-30&check_out=2023-05-05&previous_page_section_name=1000&federated_search_id=4c7730d4-2605-4661-ba8f-ce2e41a36fcf
Hotel room in San Francisco,"$146 
night
$146 per night",https://www.airbnb.com/rooms/561489475078914207?adults=1&children=0&enable_m3_private_room=false&infants=0&pets=0&check_in=2023-04-27&check_out=2023-05-04&previous_page_section_name=1000&federated_search_id=4c7730d4-2605-4661-ba8f-ce2e41a36fcf
Private room in San Francisco,"$64 
$57 
night
$57 per night, originally $64",https://www.airbnb.com/rooms/35773458?adults=1&children=0&enable_m3_private_room=false&infants=0&pets=0&check_in=2023-05-02&check_out=2023-05-07&previous_page_section_name=1000&federated_search_id=4c7730d4-2605-4661-ba8f-ce2e41a36fcf
Guesthouse in San Francisco,"$99 
night
$99 per night",https://www.airbnb.com/rooms/786420960296544151?adults=1&children=0&enable_m3_private_room=false&infants=0&pets=0&check_in=2023-04-30&check_out=2023-05-05&previous_page_section_name=1000&federated_search_id=4c7730d4-2605-4661-ba8f-ce2e41a36fcf
Guest suite in San Francisco,"$87 
night
$87 per night",https://www.airbnb.com/rooms/31695049?adults=1&children=0&enable_m3_private_room=false&infants=0&pets=0&check_in=2023-05-07&check_out=2023-05-12&previous_page_section_name=1000&federated_search_id=4c7730d4-2605-4661-ba8f-ce2e41a36fcf
Private room in San Francisco,"$85 
night
$85 per night",https://www.airbnb.com/rooms/17016637?adults=1&children=0&enable_m3_private_room=false&infants=0&pets=0&check_in=2023-04-30&check_out=2023-05-05&previous_page_section_name=1000&federated_search_id=4c7730d4-2605-4661-ba8f-ce2e41a36fcf
Apartment in Daly City,"$157 
$126 
night
$126 per night, originally $157",https://www.airbnb.com/rooms/867137812422792986?adults=1&children=0&enable_m3_private_room=false&infants=0&pets=0&check_in=2023-04-18&check_out=2023-04-25&previous_page_section_name=1000&federated_search_id=4c7730d4-2605-4661-ba8f-ce2e41a36fcf
Private room in San Francisco,"$82 
night
$82 per night",https://www.airbnb.com/rooms/46512891?adults=1&children=0&enable_m3_private_room=false&infants=0&pets=0&check_in=2023-04-28&check_out=2023-05-03&previous_page_section_name=1000&federated_search_id=4c7730d4-2605-4661-ba8f-ce2e41a36fcf
Cottage in San Francisco,"$113 
night
$113 per night",https://www.airbnb.com/rooms/14990478?adults=1&children=0&enable_m3_private_room=false&infants=0&pets=0&check_in=2023-09-22&check_out=2023-09-27&previous_page_section_name=1000&federated_search_id=4c7730d4-2605-4661-ba8f-ce2e41a36fcf
Guest suite in San Francisco,"$142 
night
$142 per night",https://www.airbnb.com/rooms/14804950?adults=1&children=0&enable_m3_private_room=false&infants=0&pets=0&check_in=2023-04-30&check_out=2023-05-05&previous_page_section_name=1000&federated_search_id=2ac93314-342d-4ab6-b14e-6ddf3c1ed043
Private room in San Francisco,"$104 
night
$104 per night",https://www.airbnb.com/rooms/256176?adults=1&children=0&enable_m3_private_room=false&infants=0&pets=0&check_in=2023-04-18&check_out=2023-04-23&previous_page_section_name=1000&federated_search_id=2ac93314-342d-4ab6-b14e-6ddf3c1ed043
Private room in San Francisco,"$92 
night
$92 per night",https://www.airbnb.com/rooms/11437442?adults=1&children=0&enable_m3_private_room=false&infants=0&pets=0&check_in=2023-05-10&check_out=2023-05-17&previous_page_section_name=1000&federated_search_id=2ac93314-342d-4ab6-b14e-6ddf3c1ed043
Guest suite in San Francisco,"$204 
$183 
night
$183 per night, originally $204",https://www.airbnb.com/rooms/51452654?adults=1&children=0&enable_m3_private_room=false&infants=0&pets=0&check_in=2023-05-04&check_out=2023-05-11&previous_page_section_name=1000&federated_search_id=2ac93314-342d-4ab6-b14e-6ddf3c1ed043
Private room in San Francisco,"$63 
night
$63 per night",https://www.airbnb.com/rooms/777171185923088744?adults=1&children=0&enable_m3_private_room=false&infants=0&pets=0&check_in=2023-05-07&check_out=2023-05-12&previous_page_section_name=1000&federated_search_id=2ac93314-342d-4ab6-b14e-6ddf3c1ed043
Guest suite in San Francisco,"$134 
night
$134 per night",https://www.airbnb.com/rooms/35516989?adults=1&children=0&enable_m3_private_room=false&infants=0&pets=0&check_in=2023-05-07&check_out=2023-05-12&previous_page_section_name=1000&federated_search_id=2ac93314-342d-4ab6-b14e-6ddf3c1ed043
Guest suite in San Francisco,"$99 
night
$99 per night",https://www.airbnb.com/rooms/778939654117848518?adults=1&children=0&enable_m3_private_room=false&infants=0&pets=0&check_in=2023-06-25&check_out=2023-06-30&previous_page_section_name=1000&federated_search_id=2ac93314-342d-4ab6-b14e-6ddf3c1ed043
Apartment in San Francisco,"$250 
night
$250 per night",https://www.airbnb.com/rooms/849008854934112145?adults=1&children=0&enable_m3_private_room=false&infants=0&pets=0&check_in=2023-05-23&check_out=2023-05-28&previous_page_section_name=1000&federated_search_id=2ac93314-342d-4ab6-b14e-6ddf3c1ed043
Private room in San Francisco,"$101 
$91 
night
$91 per night, originally $101",https://www.airbnb.com/rooms/817017027613797792?adults=1&children=0&enable_m3_private_room=false&infants=0&pets=0&check_in=2023-04-28&check_out=2023-05-03&previous_page_section_name=1000&federated_search_id=2ac93314-342d-4ab6-b14e-6ddf3c1ed043
Hotel room in San Francisco,"$112 
$98 
night
$98 per night, originally $112",https://www.airbnb.com/rooms/51790474?adults=1&children=0&enable_m3_private_room=false&infants=0&pets=0&check_in=2023-05-05&check_out=2023-05-10&previous_page_section_name=1000&federated_search_id=2ac93314-342d-4ab6-b14e-6ddf3c1ed043
Private room in San Francisco,"$85 
night
$85 per night",https://www.airbnb.com/rooms/16678379?adults=1&children=0&enable_m3_private_room=false&infants=0&pets=0&check_in=2023-05-03&check_out=2023-05-08&previous_page_section_name=1000&federated_search_id=2ac93314-342d-4ab6-b14e-6ddf3c1ed043
Private room in South San Francisco,"$66 
$55 
night
$55 per night, originally $66",https://www.airbnb.com/rooms/21153027?adults=1&children=0&enable_m3_private_room=false&infants=0&pets=0&check_in=2023-04-21&check_out=2023-04-26&previous_page_section_name=1000&federated_search_id=2ac93314-342d-4ab6-b14e-6ddf3c1ed043
Hotel room in San Francisco,"$102 
night
$102 per night",https://www.airbnb.com/rooms/827576681474524763?adults=1&children=0&enable_m3_private_room=false&infants=0&pets=0&check_in=2023-04-18&check_out=2023-04-23&previous_page_section_name=1000&federated_search_id=2ac93314-342d-4ab6-b14e-6ddf3c1ed043
Apartment in San Francisco,"$182 
night
$182 per night",https://www.airbnb.com/rooms/655162292495026750?adults=1&children=0&enable_m3_private_room=false&infants=0&pets=0&check_in=2023-05-06&check_out=2023-05-11&previous_page_section_name=1000&federated_search_id=2ac93314-342d-4ab6-b14e-6ddf3c1ed043
Guest suite in Daly City,"$98 
night
$98 per night",https://www.airbnb.com/rooms/53702834?adults=1&children=0&enable_m3_private_room=false&infants=0&pets=0&check_in=2023-06-11&check_out=2023-06-16&previous_page_section_name=1000&federated_search_id=2ac93314-342d-4ab6-b14e-6ddf3c1ed043
Hotel room in San Francisco,"$93 
$80 
night
$80 per night, originally $93",https://www.airbnb.com/rooms/41545799?adults=1&children=0&enable_m3_private_room=false&infants=0&pets=0&check_in=2023-04-18&check_out=2023-04-25&previous_page_section_name=1000&federated_search_id=2ac93314-342d-4ab6-b14e-6ddf3c1ed043
Private room in San Francisco,"$84 
night
$84 per night",https://www.airbnb.com/rooms/647745552423137075?adults=1&children=0&enable_m3_private_room=false&infants=0&pets=0&check_in=2023-04-28&check_out=2023-05-04&previous_page_section_name=1000&federated_search_id=2ac93314-342d-4ab6-b14e-6ddf3c1ed043
Hotel room in San Francisco,"$102 
$82 
night
$82 per night, originally $102",https://www.airbnb.com/rooms/870143641355893655?adults=1&children=0&enable_m3_private_room=false&infants=0&pets=0&check_in=2023-04-28&check_out=2023-05-05&previous_page_section_name=1000&federated_search_id=2ac93314-342d-4ab6-b14e-6ddf3c1ed043
Shared room in San Francisco,"$42 
night
$42 per night",https://www.airbnb.com/rooms/4464347?adults=1&children=0&enable_m3_private_room=false&infants=0&pets=0&check_in=2023-04-23&check_out=2023-04-28&previous_page_section_name=1000&federated_search_id=a9756ee1-1b69-45ef-a9e4-85ae125e897d
Guest suite in San Francisco,"$87 
night
$87 per night",https://www.airbnb.com/rooms/12835527?adults=1&children=0&enable_m3_private_room=false&infants=0&pets=0&check_in=2023-04-30&check_out=2023-05-05&previous_page_section_name=1000&federated_search_id=a9756ee1-1b69-45ef-a9e4-85ae125e897d
Guest suite in San Francisco,"$99 
$89 
night
$89 per night, originally $99",https://www.airbnb.com/rooms/585326?adults=1&children=0&enable_m3_private_room=false&infants=0&pets=0&check_in=2023-07-22&check_out=2023-07-27&previous_page_section_name=1000&federated_search_id=a9756ee1-1b69-45ef-a9e4-85ae125e897d
Guest suite in San Francisco,"$111 
night
$111 per night",https://www.airbnb.com/rooms/53034831?adults=1&children=0&enable_m3_private_room=false&infants=0&pets=0&check_in=2023-04-30&check_out=2023-05-07&previous_page_section_name=1000&federated_search_id=a9756ee1-1b69-45ef-a9e4-85ae125e897d
Private room in San Francisco,"$68 
night
$68 per night",https://www.airbnb.com/rooms/34646493?adults=1&children=0&enable_m3_private_room=false&infants=0&pets=0&check_in=2023-04-24&check_out=2023-04-29&previous_page_section_name=1000&federated_search_id=a9756ee1-1b69-45ef-a9e4-85ae125e897d
Private room in San Francisco,"$53 
night
$53 per night",https://www.airbnb.com/rooms/997382?adults=1&children=0&enable_m3_private_room=false&infants=0&pets=0&check_in=2023-05-29&check_out=2023-06-03&previous_page_section_name=1000&federated_search_id=a9756ee1-1b69-45ef-a9e4-85ae125e897d
Private room in San Francisco,"$156 
$130 
night
$130 per night, originally $156",https://www.airbnb.com/rooms/847382624795692315?adults=1&children=0&enable_m3_private_room=false&infants=0&pets=0&check_in=2023-04-18&check_out=2023-04-23&previous_page_section_name=1000&federated_search_id=a9756ee1-1b69-45ef-a9e4-85ae125e897d
Private room in Daly City,"$60 
night
$60 per night",https://www.airbnb.com/rooms/790091153122760225?adults=1&children=0&enable_m3_private_room=false&infants=0&pets=0&check_in=2023-06-30&check_out=2023-07-05&previous_page_section_name=1000&federated_search_id=a9756ee1-1b69-45ef-a9e4-85ae125e897d
Private room in San Francisco,"$134 
$106 
night
$106 per night, originally $134",https://www.airbnb.com/rooms/780626885985055979?adults=1&children=0&enable_m3_private_room=false&infants=0&pets=0&check_in=2023-05-04&check_out=2023-05-10&previous_page_section_name=1000&federated_search_id=a9756ee1-1b69-45ef-a9e4-85ae125e897d
Private room in San Francisco,"$94 
$55 
night
$55 per night, originally $94",https://www.airbnb.com/rooms/617486252339953334?adults=1&children=0&enable_m3_private_room=false&infants=0&pets=0&check_in=2023-05-02&check_out=2023-05-07&previous_page_section_name=1000&federated_search_id=a9756ee1-1b69-45ef-a9e4-85ae125e897d
Private room in San Francisco,"$80 
$64 
night
$64 per night, originally $80",https://www.airbnb.com/rooms/662389107055100097?adults=1&children=0&enable_m3_private_room=false&infants=0&pets=0&check_in=2023-04-18&check_out=2023-04-23&previous_page_section_name=1000&federated_search_id=a9756ee1-1b69-45ef-a9e4-85ae125e897d
Private room in San Francisco,"$85 
night
$85 per night",https://www.airbnb.com/rooms/26261610?adults=1&children=0&enable_m3_private_room=false&infants=0&pets=0&check_in=2023-05-08&check_out=2023-05-15&previous_page_section_name=1000&federated_search_id=a9756ee1-1b69-45ef-a9e4-85ae125e897d
Private room in Daly City,"$75 
$68 
night
$68 per night, originally $75",https://www.airbnb.com/rooms/50013296?adults=1&children=0&enable_m3_private_room=false&infants=0&pets=0&check_in=2023-04-18&check_out=2023-04-25&previous_page_section_name=1000&federated_search_id=a9756ee1-1b69-45ef-a9e4-85ae125e897d
Apartment in South San Francisco,"$121 
$85 
night
$85 per night, originally $121",https://www.airbnb.com/rooms/49247318?adults=1&children=0&enable_m3_private_room=false&infants=0&pets=0&check_in=2023-04-18&check_out=2023-04-25&previous_page_section_name=1000&federated_search_id=a9756ee1-1b69-45ef-a9e4-85ae125e897d
Private room in San Francisco,"$92 
night
$92 per night",https://www.airbnb.com/rooms/52030809?adults=1&children=0&enable_m3_private_room=false&infants=0&pets=0&check_in=2023-05-01&check_out=2023-05-06&previous_page_section_name=1000&federated_search_id=a9756ee1-1b69-45ef-a9e4-85ae125e897d
Private room in San Francisco,"$74 
$53 
night
$53 per night, originally $74",https://www.airbnb.com/rooms/28932960?adults=1&children=0&enable_m3_private_room=false&infants=0&pets=0&check_in=2023-05-12&check_out=2023-05-17&previous_page_section_name=1000&federated_search_id=a9756ee1-1b69-45ef-a9e4-85ae125e897d
Private room in San Francisco,"$76 
$67 
night
$67 per night, originally $76",https://www.airbnb.com/rooms/589020902524503434?adults=1&children=0&enable_m3_private_room=false&infants=0&pets=0&check_in=2023-05-22&check_out=2023-05-29&previous_page_section_name=1000&federated_search_id=a9756ee1-1b69-45ef-a9e4-85ae125e897d
Guest suite in San Francisco,"$199 
$154 
night
$154 per night, originally $199",https://www.airbnb.com/rooms/38609924?adults=1&children=0&enable_m3_private_room=false&infants=0&pets=0&check_in=2023-04-30&check_out=2023-05-05&previous_page_section_name=1000&federated_search_id=a9756ee1-1b69-45ef-a9e4-85ae125e897d
Hotel room in San Francisco,"$94 
$75 
night
$75 per night, originally $94",https://www.airbnb.com/rooms/35691437?adults=1&children=0&enable_m3_private_room=false&infants=0&pets=0&check_in=2023-04-18&check_out=2023-04-23&previous_page_section_name=1000&federated_search_id=c1f128a6-5f64-40c5-9b74-09061bf05860
Private room in Daly City,"$50 
night
$50 per night",https://www.airbnb.com/rooms/842172248569689227?adults=1&children=0&enable_m3_private_room=false&infants=0&pets=0&check_in=2023-04-18&check_out=2023-04-25&previous_page_section_name=1000&federated_search_id=c1f128a6-5f64-40c5-9b74-09061bf05860
Private room in San Francisco,"$70 
$56 
night
$56 per night, originally $70",https://www.airbnb.com/rooms/41209658?adults=1&children=0&enable_m3_private_room=false&infants=0&pets=0&check_in=2023-04-18&check_out=2023-04-25&previous_page_section_name=1000&federated_search_id=c1f128a6-5f64-40c5-9b74-09061bf05860
Hotel room in San Francisco,"$76 
night
$76 per night",https://www.airbnb.com/rooms/792406957707398638?adults=1&children=0&enable_m3_private_room=false&infants=0&pets=0&check_in=2023-04-18&check_out=2023-04-23&previous_page_section_name=1000&federated_search_id=c1f128a6-5f64-40c5-9b74-09061bf05860
Private room in San Francisco,"$72 
night
$72 per night",https://www.airbnb.com/rooms/6494663?adults=1&children=0&enable_m3_private_room=false&infants=0&pets=0&check_in=2023-05-22&check_out=2023-05-27&previous_page_section_name=1000&federated_search_id=c1f128a6-5f64-40c5-9b74-09061bf05860
Private room in South San Francisco,"$51 
night
$51 per night",https://www.airbnb.com/rooms/794903341501998793?adults=1&children=0&enable_m3_private_room=false&infants=0&pets=0&check_in=2023-07-19&check_out=2023-07-24&previous_page_section_name=1000&federated_search_id=c1f128a6-5f64-40c5-9b74-09061bf05860
Guest suite in San Francisco,"$134 
$114 
night
$114 per night, originally $134",https://www.airbnb.com/rooms/21812815?adults=1&children=0&enable_m3_private_room=false&infants=0&pets=0&check_in=2023-05-06&check_out=2023-05-11&previous_page_section_name=1000&federated_search_id=c1f128a6-5f64-40c5-9b74-09061bf05860
Private room in San Francisco,"$130 
night
$130 per night",https://www.airbnb.com/rooms/52269214?adults=1&children=0&enable_m3_private_room=false&infants=0&pets=0&check_in=2023-05-11&check_out=2023-05-18&previous_page_section_name=1000&federated_search_id=c1f128a6-5f64-40c5-9b74-09061bf05860
Private room in San Francisco,"$170 
night
$170 per night",https://www.airbnb.com/rooms/845836542667308470?adults=1&children=0&enable_m3_private_room=false&infants=0&pets=0&check_in=2023-04-18&check_out=2023-04-23&previous_page_section_name=1000&federated_search_id=c1f128a6-5f64-40c5-9b74-09061bf05860
Private room in San Francisco,"$109 
night
$109 per night",https://www.airbnb.com/rooms/plus/34606745?adults=1&children=0&enable_m3_private_room=false&infants=0&pets=0&check_in=2023-04-28&check_out=2023-05-03&previous_page_section_name=1000&federated_search_id=c1f128a6-5f64-40c5-9b74-09061bf05860
Apartment in San Francisco,"$158 
night
$158 per night",https://www.airbnb.com/rooms/552249232066762071?adults=1&children=0&enable_m3_private_room=false&infants=0&pets=0&check_in=2023-06-20&check_out=2023-06-25&previous_page_section_name=1000&federated_search_id=c1f128a6-5f64-40c5-9b74-09061bf05860
Guest suite in San Rafael,"$100 
$70 
night
$70 per night, originally $100",https://www.airbnb.com/rooms/566535897156395453?adults=1&children=0&enable_m3_private_room=false&infants=0&pets=0&check_in=2023-04-21&check_out=2023-04-28&previous_page_section_name=1000&federated_search_id=c1f128a6-5f64-40c5-9b74-09061bf05860
Hotel room in San Francisco,"$203 
night
$203 per night",https://www.airbnb.com/rooms/49467545?adults=1&children=0&enable_m3_private_room=false&infants=0&pets=0&check_in=2023-04-18&check_out=2023-04-23&previous_page_section_name=1000&federated_search_id=c1f128a6-5f64-40c5-9b74-09061bf05860
Private room in Daly City,"$85 
$59 
night
$59 per night, originally $85",https://www.airbnb.com/rooms/609654857095081181?adults=1&children=0&enable_m3_private_room=false&infants=0&pets=0&check_in=2023-04-24&check_out=2023-05-01&previous_page_section_name=1000&federated_search_id=c1f128a6-5f64-40c5-9b74-09061bf05860
Private room in San Francisco,"$44 
night
$44 per night",https://www.airbnb.com/rooms/665402415731727871?adults=1&children=0&enable_m3_private_room=false&infants=0&pets=0&check_in=2023-05-13&check_out=2023-05-20&previous_page_section_name=1000&federated_search_id=c1f128a6-5f64-40c5-9b74-09061bf05860
Guest suite in San Francisco,"$133 
$117 
night
$117 per night, originally $133",https://www.airbnb.com/rooms/32962090?adults=1&children=0&enable_m3_private_room=false&infants=0&pets=0&check_in=2023-04-29&check_out=2023-05-04&previous_page_section_name=1000&federated_search_id=c1f128a6-5f64-40c5-9b74-09061bf05860
Private room in San Francisco,"$70 
night
$70 per night",https://www.airbnb.com/rooms/33311466?adults=1&children=0&enable_m3_private_room=false&infants=0&pets=0&check_in=2023-05-23&check_out=2023-05-28&previous_page_section_name=1000&federated_search_id=c1f128a6-5f64-40c5-9b74-09061bf05860
Private room in San Francisco,"$86 
night
$86 per night",https://www.airbnb.com/rooms/50834115?adults=1&children=0&enable_m3_private_room=false&infants=0&pets=0&check_in=2023-06-10&check_out=2023-06-15&previous_page_section_name=1000&federated_search_id=c1f128a6-5f64-40c5-9b74-09061bf05860
Private room in Inner Richmond,"$98 
$87 
night
$87 per night, originally $98",https://www.airbnb.com/rooms/32813435?adults=1&children=0&enable_m3_private_room=false&infants=0&pets=0&check_in=2023-04-28&check_out=2023-05-03&previous_page_section_name=1000&federated_search_id=b0d6da67-db2c-494b-aa98-6dc8d6d0c69d
Private room in Bayview,"$46 
night
$46 per night",https://www.airbnb.com/rooms/31124810?adults=1&children=0&enable_m3_private_room=false&infants=0&pets=0&check_in=2023-04-26&check_out=2023-05-01&previous_page_section_name=1000&federated_search_id=b0d6da67-db2c-494b-aa98-6dc8d6d0c69d
Private room in Excelsior,"$69 
$56 
night
$56 per night, originally $69",https://www.airbnb.com/rooms/655354045768266763?adults=1&children=0&enable_m3_private_room=false&infants=0&pets=0&check_in=2023-04-18&check_out=2023-04-25&previous_page_section_name=1000&federated_search_id=b0d6da67-db2c-494b-aa98-6dc8d6d0c69d
Apartment in San Francisco,"$266 
night
$266 per night",https://www.airbnb.com/rooms/49887963?adults=1&children=0&enable_m3_private_room=false&infants=0&pets=0&check_in=2023-05-14&check_out=2023-05-20&previous_page_section_name=1000&federated_search_id=b0d6da67-db2c-494b-aa98-6dc8d6d0c69d
Hotel room in Nob Hill,"$122 
$107 
night
$107 per night, originally $122",https://www.airbnb.com/rooms/51789768?adults=1&children=0&enable_m3_private_room=false&infants=0&pets=0&check_in=2023-05-01&check_out=2023-05-06&previous_page_section_name=1000&federated_search_id=b0d6da67-db2c-494b-aa98-6dc8d6d0c69d
Private room in San Francisco,"$123 
$98 
night
$98 per night, originally $123",https://www.airbnb.com/rooms/8352275?adults=1&children=0&enable_m3_private_room=false&infants=0&pets=0&check_in=2023-05-07&check_out=2023-05-12&previous_page_section_name=1000&federated_search_id=b0d6da67-db2c-494b-aa98-6dc8d6d0c69d
Private room in San Francisco,"$81 
night
$81 per night",https://www.airbnb.com/rooms/780404032567949589?adults=1&children=0&enable_m3_private_room=false&infants=0&pets=0&check_in=2023-05-05&check_out=2023-05-10&previous_page_section_name=1000&federated_search_id=b0d6da67-db2c-494b-aa98-6dc8d6d0c69d
Private room in Excelsior,"$53 
night
$53 per night",https://www.airbnb.com/rooms/605188872190777472?adults=1&children=0&enable_m3_private_room=false&infants=0&pets=0&check_in=2023-05-10&check_out=2023-05-15&previous_page_section_name=1000&federated_search_id=b0d6da67-db2c-494b-aa98-6dc8d6d0c69d
Private room in South of Market,"$99 
night
$99 per night",https://www.airbnb.com/rooms/27263058?adults=1&children=0&enable_m3_private_room=false&infants=0&pets=0&check_in=2023-04-28&check_out=2023-05-03&previous_page_section_name=1000&federated_search_id=b0d6da67-db2c-494b-aa98-6dc8d6d0c69d
Home in San Francisco,"$185 
night
$185 per night",https://www.airbnb.com/rooms/866271989362662471?adults=1&children=0&enable_m3_private_room=false&infants=0&pets=0&check_in=2023-04-27&check_out=2023-05-04&previous_page_section_name=1000&federated_search_id=b0d6da67-db2c-494b-aa98-6dc8d6d0c69d
Private room in San Francisco,"$71 
$64 
night
$64 per night, originally $71",https://www.airbnb.com/rooms/7580465?adults=1&children=0&enable_m3_private_room=false&infants=0&pets=0&check_in=2023-04-27&check_out=2023-05-02&previous_page_section_name=1000&federated_search_id=b0d6da67-db2c-494b-aa98-6dc8d6d0c69d
Private room in San Francisco,"$60 
night
$60 per night",https://www.airbnb.com/rooms/43089212?adults=1&children=0&enable_m3_private_room=false&infants=0&pets=0&check_in=2023-04-30&check_out=2023-05-07&previous_page_section_name=1000&federated_search_id=b0d6da67-db2c-494b-aa98-6dc8d6d0c69d
Condo in San Francisco,"$286 
$257 
night
$257 per night, originally $286",https://www.airbnb.com/rooms/52517982?adults=1&children=0&enable_m3_private_room=false&infants=0&pets=0&check_in=2023-04-30&check_out=2023-05-07&previous_page_section_name=1000&federated_search_id=b0d6da67-db2c-494b-aa98-6dc8d6d0c69d
Private room in San Francisco,"$85 
night
$85 per night",https://www.airbnb.com/rooms/38984642?adults=1&children=0&enable_m3_private_room=false&infants=0&pets=0&check_in=2023-04-29&check_out=2023-05-04&previous_page_section_name=1000&federated_search_id=b0d6da67-db2c-494b-aa98-6dc8d6d0c69d
Private room in San Francisco,"$61 
night
$61 per night",https://www.airbnb.com/rooms/840599152068629075?adults=1&children=0&enable_m3_private_room=false&infants=0&pets=0&check_in=2023-04-18&check_out=2023-04-24&previous_page_section_name=1000&federated_search_id=b0d6da67-db2c-494b-aa98-6dc8d6d0c69d
Private room in San Francisco,"$82 
night
$82 per night",https://www.airbnb.com/rooms/615447382310622346?adults=1&children=0&enable_m3_private_room=false&infants=0&pets=0&check_in=2023-04-30&check_out=2023-05-05&previous_page_section_name=1000&federated_search_id=b0d6da67-db2c-494b-aa98-6dc8d6d0c69d
Home in Outer Richmond,"$184 
$156 
night
$156 per night, originally $184",https://www.airbnb.com/rooms/768981101752342550?adults=1&children=0&enable_m3_private_room=false&infants=0&pets=0&check_in=2023-05-13&check_out=2023-05-18&previous_page_section_name=1000&federated_search_id=b0d6da67-db2c-494b-aa98-6dc8d6d0c69d
Private room in Mission District,"$91 
night
$91 per night",https://www.airbnb.com/rooms/765602022730771420?adults=1&children=0&enable_m3_private_room=false&infants=0&pets=0&check_in=2023-07-01&check_out=2023-07-07&previous_page_section_name=1000&federated_search_id=b0d6da67-db2c-494b-aa98-6dc8d6d0c69d
Guest suite in San Francisco,"$152 
night
$152 per night",https://www.airbnb.com/rooms/50581810?adults=1&children=0&enable_m3_private_room=false&infants=0&pets=0&check_in=2023-09-18&check_out=2023-09-23&previous_page_section_name=1000&federated_search_id=b6e3e360-2252-4d46-9dee-d22d75fc6960
Guest suite in San Francisco,"$147 
$123 
night
$123 per night, originally $147",https://www.airbnb.com/rooms/21650740?adults=1&children=0&enable_m3_private_room=false&infants=0&pets=0&check_in=2023-04-18&check_out=2023-04-24&previous_page_section_name=1000&federated_search_id=b6e3e360-2252-4d46-9dee-d22d75fc6960
Private room in San Francisco,"$76 
night
$76 per night",https://www.airbnb.com/rooms/34656053?adults=1&children=0&enable_m3_private_room=false&infants=0&pets=0&check_in=2023-04-29&check_out=2023-05-05&previous_page_section_name=1000&federated_search_id=b6e3e360-2252-4d46-9dee-d22d75fc6960
Private room in San Francisco,"$41 
night
$41 per night",https://www.airbnb.com/rooms/3992022?adults=1&children=0&enable_m3_private_room=false&infants=0&pets=0&check_in=2023-04-27&check_out=2023-05-04&previous_page_section_name=1000&federated_search_id=b6e3e360-2252-4d46-9dee-d22d75fc6960
Private room in San Francisco,"$67 
$59 
night
$59 per night, originally $67",https://www.airbnb.com/rooms/11075529?adults=1&children=0&enable_m3_private_room=false&infants=0&pets=0&check_in=2023-05-09&check_out=2023-05-16&previous_page_section_name=1000&federated_search_id=b6e3e360-2252-4d46-9dee-d22d75fc6960
Guest suite in San Francisco,"$149 
night
$149 per night",https://www.airbnb.com/rooms/32389762?adults=1&children=0&enable_m3_private_room=false&infants=0&pets=0&check_in=2023-06-14&check_out=2023-06-19&previous_page_section_name=1000&federated_search_id=b6e3e360-2252-4d46-9dee-d22d75fc6960
Guest suite in San Francisco,"$137 
$114 
night
$114 per night, originally $137",https://www.airbnb.com/rooms/34684071?adults=1&children=0&enable_m3_private_room=false&infants=0&pets=0&check_in=2023-05-10&check_out=2023-05-15&previous_page_section_name=1000&federated_search_id=b6e3e360-2252-4d46-9dee-d22d75fc6960
Private room in San Francisco,"$90 
night
$90 per night",https://www.airbnb.com/rooms/690034041139989869?adults=1&children=0&enable_m3_private_room=false&infants=0&pets=0&check_in=2023-05-03&check_out=2023-05-08&previous_page_section_name=1000&federated_search_id=b6e3e360-2252-4d46-9dee-d22d75fc6960
Private room in San Francisco,"$56 
night
$56 per night",https://www.airbnb.com/rooms/33078270?adults=1&children=0&enable_m3_private_room=false&infants=0&pets=0&check_in=2023-05-27&check_out=2023-06-01&previous_page_section_name=1000&federated_search_id=b6e3e360-2252-4d46-9dee-d22d75fc6960
Private room in San Francisco,"$114 
night
$114 per night",https://www.airbnb.com/rooms/2198399?adults=1&children=0&enable_m3_private_room=false&infants=0&pets=0&check_in=2023-05-01&check_out=2023-05-08&previous_page_section_name=1000&federated_search_id=b6e3e360-2252-4d46-9dee-d22d75fc6960
Apartment in San Francisco,"$220 
$187 
night
$187 per night, originally $220",https://www.airbnb.com/rooms/701499728274360397?adults=1&children=0&enable_m3_private_room=false&infants=0&pets=0&check_in=2023-04-18&check_out=2023-04-25&previous_page_section_name=1000&federated_search_id=b6e3e360-2252-4d46-9dee-d22d75fc6960
Private room in Half Moon Bay,"$94 
night
$94 per night",https://www.airbnb.com/rooms/48216339?adults=1&children=0&enable_m3_private_room=false&infants=0&pets=0&check_in=2023-05-29&check_out=2023-06-03&previous_page_section_name=1000&federated_search_id=b6e3e360-2252-4d46-9dee-d22d75fc6960
Private room in San Francisco,"$101 
night
$101 per night",https://www.airbnb.com/rooms/20059569?adults=1&children=0&enable_m3_private_room=false&infants=0&pets=0&check_in=2023-05-08&check_out=2023-05-13&previous_page_section_name=1000&federated_search_id=b6e3e360-2252-4d46-9dee-d22d75fc6960
Private room in San Francisco,"$111 
night
$111 per night",https://www.airbnb.com/rooms/41979414?adults=1&children=0&enable_m3_private_room=false&infants=0&pets=0&check_in=2023-05-29&check_out=2023-06-04&previous_page_section_name=1000&federated_search_id=b6e3e360-2252-4d46-9dee-d22d75fc6960
Private room in San Francisco,"$55 
night
$55 per night",https://www.airbnb.com/rooms/765484874008423902?adults=1&children=0&enable_m3_private_room=false&infants=0&pets=0&check_in=2023-10-03&check_out=2023-10-08&previous_page_section_name=1000&federated_search_id=b6e3e360-2252-4d46-9dee-d22d75fc6960
Shared room in Oakland,"$24 
night
$24 per night",https://www.airbnb.com/rooms/42516581?adults=1&children=0&enable_m3_private_room=false&infants=0&pets=0&check_in=2023-04-18&check_out=2023-04-23&previous_page_section_name=1000&federated_search_id=b6e3e360-2252-4d46-9dee-d22d75fc6960
Private room in San Francisco,"$85 
$77 
night
$77 per night, originally $85",https://www.airbnb.com/rooms/19403989?adults=1&children=0&enable_m3_private_room=false&infants=0&pets=0&check_in=2023-04-29&check_out=2023-05-06&previous_page_section_name=1000&federated_search_id=b6e3e360-2252-4d46-9dee-d22d75fc6960
Private room in San Francisco,"$142 
$113 
night
$113 per night, originally $142",https://www.airbnb.com/rooms/23217998?adults=1&children=0&enable_m3_private_room=false&infants=0&pets=0&check_in=2023-04-18&check_out=2023-04-23&previous_page_section_name=1000&federated_search_id=b6e3e360-2252-4d46-9dee-d22d75fc6960
Private room in San Francisco,"$51 
night
$51 per night",https://www.airbnb.com/rooms/31124126?adults=1&children=0&enable_m3_private_room=false&infants=0&pets=0&check_in=2023-05-28&check_out=2023-06-02&previous_page_section_name=1000&federated_search_id=56446e6e-4324-421d-99bd-b493cb96ef53
Private room in San Francisco,"$63 
night
$63 per night",https://www.airbnb.com/rooms/21191232?adults=1&children=0&enable_m3_private_room=false&infants=0&pets=0&check_in=2023-06-25&check_out=2023-07-02&previous_page_section_name=1000&federated_search_id=56446e6e-4324-421d-99bd-b493cb96ef53
Guest suite in San Francisco,"$160 
night
$160 per night",https://www.airbnb.com/rooms/840755927573523585?adults=1&children=0&enable_m3_private_room=false&infants=0&pets=0&check_in=2023-05-14&check_out=2023-05-19&previous_page_section_name=1000&federated_search_id=56446e6e-4324-421d-99bd-b493cb96ef53
Guest suite in San Francisco,"$104 
night
$104 per night",https://www.airbnb.com/rooms/45423640?adults=1&children=0&enable_m3_private_room=false&infants=0&pets=0&check_in=2023-05-28&check_out=2023-06-02&previous_page_section_name=1000&federated_search_id=56446e6e-4324-421d-99bd-b493cb96ef53
Guesthouse in San Bruno,"$88 
night
$88 per night",https://www.airbnb.com/rooms/52741853?adults=1&children=0&enable_m3_private_room=false&infants=0&pets=0&check_in=2023-05-08&check_out=2023-05-13&previous_page_section_name=1000&federated_search_id=56446e6e-4324-421d-99bd-b493cb96ef53
Private room in San Francisco,"$125 
$99 
night
$99 per night, originally $125",https://www.airbnb.com/rooms/plus/24013866?adults=1&children=0&enable_m3_private_room=false&infants=0&pets=0&check_in=2023-05-14&check_out=2023-05-19&previous_page_section_name=1000&federated_search_id=56446e6e-4324-421d-99bd-b493cb96ef53
Home in San Francisco,"$82 
night
$82 per night",https://www.airbnb.com/rooms/662411697486571864?adults=1&children=0&enable_m3_private_room=false&infants=0&pets=0&check_in=2023-05-31&check_out=2023-06-05&previous_page_section_name=1000&federated_search_id=56446e6e-4324-421d-99bd-b493cb96ef53
Private room in San Francisco,"$95 
night
$95 per night",https://www.airbnb.com/rooms/3486460?adults=1&children=0&enable_m3_private_room=false&infants=0&pets=0&check_in=2023-05-13&check_out=2023-05-18&previous_page_section_name=1000&federated_search_id=56446e6e-4324-421d-99bd-b493cb96ef53
Private room in San Francisco,"$63 
night
$63 per night",https://www.airbnb.com/rooms/18286171?adults=1&children=0&enable_m3_private_room=false&infants=0&pets=0&check_in=2023-04-18&check_out=2023-04-23&previous_page_section_name=1000&federated_search_id=56446e6e-4324-421d-99bd-b493cb96ef53
Private room in San Francisco,"$60 
night
$60 per night",https://www.airbnb.com/rooms/768171722815212002?adults=1&children=0&enable_m3_private_room=false&infants=0&pets=0&check_in=2023-04-24&check_out=2023-05-01&previous_page_section_name=1000&federated_search_id=56446e6e-4324-421d-99bd-b493cb96ef53
Home in Daly City,"$56 
night
$56 per night",https://www.airbnb.com/rooms/23615779?adults=1&children=0&enable_m3_private_room=false&infants=0&pets=0&check_in=2023-04-26&check_out=2023-05-01&previous_page_section_name=1000&federated_search_id=56446e6e-4324-421d-99bd-b493cb96ef53
Private room in San Francisco,"$91 
night
$91 per night",https://www.airbnb.com/rooms/780405068923111323?adults=1&children=0&enable_m3_private_room=false&infants=0&pets=0&check_in=2023-04-25&check_out=2023-05-02&previous_page_section_name=1000&federated_search_id=56446e6e-4324-421d-99bd-b493cb96ef53
Private room in San Francisco,"$65 
$57 
night
$57 per night, originally $65",https://www.airbnb.com/rooms/35286195?adults=1&children=0&enable_m3_private_room=false&infants=0&pets=0&check_in=2023-05-06&check_out=2023-05-11&previous_page_section_name=1000&federated_search_id=56446e6e-4324-421d-99bd-b493cb96ef53
Apartment in San Francisco,"$115 
night
$115 per night",https://www.airbnb.com/rooms/646234421224022289?adults=1&children=0&enable_m3_private_room=false&infants=0&pets=0&check_in=2023-04-28&check_out=2023-05-04&previous_page_section_name=1000&federated_search_id=56446e6e-4324-421d-99bd-b493cb96ef53
Guest suite in Daly City,"$87 
night
$87 per night",https://www.airbnb.com/rooms/867805992313285300?adults=1&children=0&enable_m3_private_room=false&infants=0&pets=0&check_in=2023-04-22&check_out=2023-04-27&previous_page_section_name=1000&federated_search_id=56446e6e-4324-421d-99bd-b493cb96ef53
Private room in Castro Valley,"$49 
night
$49 per night",https://www.airbnb.com/rooms/50071016?adults=1&children=0&enable_m3_private_room=false&infants=0&pets=0&check_in=2023-04-24&check_out=2023-04-29&previous_page_section_name=1000&federated_search_id=56446e6e-4324-421d-99bd-b493cb96ef53
Private room in San Francisco,"$52 
night
$52 per night",https://www.airbnb.com/rooms/50452457?adults=1&children=0&enable_m3_private_room=false&infants=0&pets=0&check_in=2023-04-18&check_out=2023-04-25&previous_page_section_name=1000&federated_search_id=56446e6e-4324-421d-99bd-b493cb96ef53
Private room in San Francisco,"$100 
night
$100 per night",https://www.airbnb.com/rooms/12930338?adults=1&children=0&enable_m3_private_room=false&infants=0&pets=0&check_in=2023-04-27&check_out=2023-05-02&previous_page_section_name=1000&federated_search_id=56446e6e-4324-421d-99bd-b493cb96ef53
Private room in San Francisco,"$79 
night
$79 per night",https://www.airbnb.com/rooms/4987668?adults=1&children=0&enable_m3_private_room=false&infants=0&pets=0&check_in=2023-06-26&check_out=2023-07-01&previous_page_section_name=1000&federated_search_id=def97dee-83b7-409e-b683-636ebfc08fe7
Private room in San Francisco,"$135 
night
$135 per night",https://www.airbnb.com/rooms/plus/16204265?adults=1&children=0&enable_m3_private_room=false&infants=0&pets=0&check_in=2023-05-08&check_out=2023-05-13&previous_page_section_name=1000&federated_search_id=def97dee-83b7-409e-b683-636ebfc08fe7
Private room in San Francisco,"$78 
night
$78 per night",https://www.airbnb.com/rooms/43395762?adults=1&children=0&enable_m3_private_room=false&infants=0&pets=0&check_in=2023-05-24&check_out=2023-05-29&previous_page_section_name=1000&federated_search_id=def97dee-83b7-409e-b683-636ebfc08fe7
Private room in San Francisco,"$91 
night
$91 per night",https://www.airbnb.com/rooms/751511653280346961?adults=1&children=0&enable_m3_private_room=false&infants=0&pets=0&check_in=2023-07-03&check_out=2023-07-08&previous_page_section_name=1000&federated_search_id=def97dee-83b7-409e-b683-636ebfc08fe7
Guest suite in San Francisco,"$195 
night
$195 per night",https://www.airbnb.com/rooms/846570912290154064?adults=1&children=0&enable_m3_private_room=false&infants=0&pets=0&check_in=2023-05-13&check_out=2023-05-18&previous_page_section_name=1000&federated_search_id=def97dee-83b7-409e-b683-636ebfc08fe7
Private room in San Francisco,"$62 
night
$62 per night",https://www.airbnb.com/rooms/52434895?adults=1&children=0&enable_m3_private_room=false&infants=0&pets=0&check_in=2023-04-18&check_out=2023-04-23&previous_page_section_name=1000&federated_search_id=def97dee-83b7-409e-b683-636ebfc08fe7
Apartment in San Francisco,"$149 
$131 
night
$131 per night, originally $149",https://www.airbnb.com/rooms/20994570?adults=1&children=0&enable_m3_private_room=false&infants=0&pets=0&check_in=2023-04-18&check_out=2023-04-23&previous_page_section_name=1000&federated_search_id=def97dee-83b7-409e-b683-636ebfc08fe7
Private room in San Francisco,"$110 
$99 
night
$99 per night, originally $110",https://www.airbnb.com/rooms/9051149?adults=1&children=0&enable_m3_private_room=false&infants=0&pets=0&check_in=2023-05-01&check_out=2023-05-07&previous_page_section_name=1000&federated_search_id=def97dee-83b7-409e-b683-636ebfc08fe7
Guest suite in San Francisco,"$112 
night
$112 per night",https://www.airbnb.com/rooms/50159258?adults=1&children=0&enable_m3_private_room=false&infants=0&pets=0&check_in=2023-05-13&check_out=2023-05-18&previous_page_section_name=1000&federated_search_id=def97dee-83b7-409e-b683-636ebfc08fe7
Private room in San Francisco,"$84 
$66 
night
$66 per night, originally $84",https://www.airbnb.com/rooms/39996718?adults=1&children=0&enable_m3_private_room=false&infants=0&pets=0&check_in=2023-05-03&check_out=2023-05-09&previous_page_section_name=1000&federated_search_id=def97dee-83b7-409e-b683-636ebfc08fe7
Tiny home in San Francisco,"$221 
night
$221 per night",https://www.airbnb.com/rooms/625303886669891197?adults=1&children=0&enable_m3_private_room=false&infants=0&pets=0&check_in=2023-04-29&check_out=2023-05-04&previous_page_section_name=1000&federated_search_id=def97dee-83b7-409e-b683-636ebfc08fe7
Private room in San Francisco,"$120 
$75 
night
$75 per night, originally $120",https://www.airbnb.com/rooms/662275999496096664?adults=1&children=0&enable_m3_private_room=false&infants=0&pets=0&check_in=2023-05-01&check_out=2023-05-06&previous_page_section_name=1000&federated_search_id=def97dee-83b7-409e-b683-636ebfc08fe7
Private room in San Francisco,"$120 
night
$120 per night",https://www.airbnb.com/rooms/818445328258169008?adults=1&children=0&enable_m3_private_room=false&infants=0&pets=0&check_in=2023-04-18&check_out=2023-04-23&previous_page_section_name=1000&federated_search_id=def97dee-83b7-409e-b683-636ebfc08fe7
Apartment in Daly City,"$70 
night
$70 per night",https://www.airbnb.com/rooms/834221647664865743?adults=1&children=0&enable_m3_private_room=false&infants=0&pets=0&check_in=2023-04-30&check_out=2023-05-06&previous_page_section_name=1000&federated_search_id=def97dee-83b7-409e-b683-636ebfc08fe7
Apartment in San Francisco,"$139 
night
$139 per night",https://www.airbnb.com/rooms/45080917?adults=1&children=0&enable_m3_private_room=false&infants=0&pets=0&check_in=2023-04-18&check_out=2023-04-25&previous_page_section_name=1000&federated_search_id=def97dee-83b7-409e-b683-636ebfc08fe7
Hotel room in San Francisco,"$224 
$197 
night
$197 per night, originally $224",https://www.airbnb.com/rooms/51409857?adults=1&children=0&enable_m3_private_room=false&infants=0&pets=0&check_in=2023-04-19&check_out=2023-04-24&previous_page_section_name=1000&federated_search_id=def97dee-83b7-409e-b683-636ebfc08fe7
Private room in San Francisco,"$94 
night
$94 per night",https://www.airbnb.com/rooms/861569667398693436?adults=1&children=0&enable_m3_private_room=false&infants=0&pets=0&check_in=2023-05-05&check_out=2023-05-12&previous_page_section_name=1000&federated_search_id=def97dee-83b7-409e-b683-636ebfc08fe7
Private room in Millbrae,"$59 
night
$59 per night",https://www.airbnb.com/rooms/21551802?adults=1&children=0&enable_m3_private_room=false&infants=0&pets=0&check_in=2023-05-01&check_out=2023-05-06&previous_page_section_name=1000&federated_search_id=def97dee-83b7-409e-b683-636ebfc08fe7
Private room in San Francisco,"$71 
$63 
night
$63 per night, originally $71",https://www.airbnb.com/rooms/42336333?adults=1&children=0&enable_m3_private_room=false&infants=0&pets=0&check_in=2023-04-18&check_out=2023-04-24&previous_page_section_name=1000&federated_search_id=fe9f1c60-4708-4d2b-9ac6-fccd9dc7b912
Private room in San Bruno,"$75 
$55 
night
$55 per night, originally $75",https://www.airbnb.com/rooms/43470096?adults=1&children=0&enable_m3_private_room=false&infants=0&pets=0&check_in=2023-04-19&check_out=2023-04-24&previous_page_section_name=1000&federated_search_id=fe9f1c60-4708-4d2b-9ac6-fccd9dc7b912
Private room in San Francisco,"$71 
night
$71 per night",https://www.airbnb.com/rooms/33644460?adults=1&children=0&enable_m3_private_room=false&infants=0&pets=0&check_in=2023-06-03&check_out=2023-06-08&previous_page_section_name=1000&federated_search_id=fe9f1c60-4708-4d2b-9ac6-fccd9dc7b912
Home in San Francisco,"$179 
night
$179 per night",https://www.airbnb.com/rooms/798911462538312208?adults=1&children=0&enable_m3_private_room=false&infants=0&pets=0&check_in=2023-05-07&check_out=2023-05-12&previous_page_section_name=1000&federated_search_id=fe9f1c60-4708-4d2b-9ac6-fccd9dc7b912
Private room in San Francisco,"$67 
night
$67 per night",https://www.airbnb.com/rooms/782689393751274377?adults=1&children=0&enable_m3_private_room=false&infants=0&pets=0&check_in=2023-09-19&check_out=2023-09-24&previous_page_section_name=1000&federated_search_id=fe9f1c60-4708-4d2b-9ac6-fccd9dc7b912
Private room in San Francisco,"$39 
$34 
night
$34 per night, originally $39",https://www.airbnb.com/rooms/5561787?adults=1&children=0&enable_m3_private_room=false&infants=0&pets=0&check_in=2023-04-24&check_out=2023-04-29&previous_page_section_name=1000&federated_search_id=fe9f1c60-4708-4d2b-9ac6-fccd9dc7b912
Private room in San Francisco,"$96 
night
$96 per night",https://www.airbnb.com/rooms/53921709?adults=1&children=0&enable_m3_private_room=false&infants=0&pets=0&check_in=2023-05-25&check_out=2023-05-30&previous_page_section_name=1000&federated_search_id=fe9f1c60-4708-4d2b-9ac6-fccd9dc7b912
Private room in San Francisco,"$95 
$71 
night
$71 per night, originally $95",https://www.airbnb.com/rooms/662395884586247859?adults=1&children=0&enable_m3_private_room=false&infants=0&pets=0&check_in=2023-04-27&check_out=2023-05-02&previous_page_section_name=1000&federated_search_id=fe9f1c60-4708-4d2b-9ac6-fccd9dc7b912
Private room in San Francisco,"$74 
$51 
night
$51 per night, originally $74",https://www.airbnb.com/rooms/39996724?adults=1&children=0&enable_m3_private_room=false&infants=0&pets=0&check_in=2023-04-25&check_out=2023-04-30&previous_page_section_name=1000&federated_search_id=fe9f1c60-4708-4d2b-9ac6-fccd9dc7b912
Private room in San Francisco,"$80 
night
$80 per night",https://www.airbnb.com/rooms/49640324?adults=1&children=0&enable_m3_private_room=false&infants=0&pets=0&check_in=2023-06-25&check_out=2023-06-30&previous_page_section_name=1000&federated_search_id=fe9f1c60-4708-4d2b-9ac6-fccd9dc7b912
Private room in San Francisco,"$109 
night
$109 per night",https://www.airbnb.com/rooms/20571008?adults=1&children=0&enable_m3_private_room=false&infants=0&pets=0&check_in=2023-05-05&check_out=2023-05-10&previous_page_section_name=1000&federated_search_id=fe9f1c60-4708-4d2b-9ac6-fccd9dc7b912
Guest suite in San Francisco,"$161 
night
$161 per night",https://www.airbnb.com/rooms/23883643?adults=1&children=0&enable_m3_private_room=false&infants=0&pets=0&check_in=2023-05-04&check_out=2023-05-09&previous_page_section_name=1000&federated_search_id=fe9f1c60-4708-4d2b-9ac6-fccd9dc7b912
Home in San Francisco,"$185 
night
$185 per night",https://www.airbnb.com/rooms/824053442345006063?adults=1&children=0&enable_m3_private_room=false&infants=0&pets=0&check_in=2023-04-30&check_out=2023-05-05&previous_page_section_name=1000&federated_search_id=fe9f1c60-4708-4d2b-9ac6-fccd9dc7b912
Private room in San Francisco,"$115 
$97 
night
$97 per night, originally $115",https://www.airbnb.com/rooms/114401?adults=1&children=0&enable_m3_private_room=false&infants=0&pets=0&check_in=2023-05-08&check_out=2023-05-15&previous_page_section_name=1000&federated_search_id=fe9f1c60-4708-4d2b-9ac6-fccd9dc7b912
Private room in Fremont,"$42 
night
$42 per night",https://www.airbnb.com/rooms/727004664806407270?adults=1&children=0&enable_m3_private_room=false&infants=0&pets=0&check_in=2023-04-18&check_out=2023-04-25&previous_page_section_name=1000&federated_search_id=fe9f1c60-4708-4d2b-9ac6-fccd9dc7b912
Private room in San Francisco,"$63 
night
$63 per night",https://www.airbnb.com/rooms/728993179087515690?adults=1&children=0&enable_m3_private_room=false&infants=0&pets=0&check_in=2023-05-06&check_out=2023-05-11&previous_page_section_name=1000&federated_search_id=fe9f1c60-4708-4d2b-9ac6-fccd9dc7b912
Home in San Francisco,"$158 
night
$158 per night",https://www.airbnb.com/rooms/27611813?adults=1&children=0&enable_m3_private_room=false&infants=0&pets=0&check_in=2023-05-03&check_out=2023-05-08&previous_page_section_name=1000&federated_search_id=fe9f1c60-4708-4d2b-9ac6-fccd9dc7b912
Private room in Richmond,"$86 
night
$86 per night",https://www.airbnb.com/rooms/10548760?adults=1&children=0&enable_m3_private_room=false&infants=0&pets=0&check_in=2023-04-29&check_out=2023-05-04&previous_page_section_name=1000&federated_search_id=fe9f1c60-4708-4d2b-9ac6-fccd9dc7b912
Guesthouse in Concord,"$110 
night
$110 per night",https://www.airbnb.com/rooms/824697621154680377?adults=1&children=0&enable_m3_private_room=false&infants=0&pets=0&check_in=2023-06-04&check_out=2023-06-09&previous_page_section_name=1000&federated_search_id=960c5402-b7f7-4f66-b87b-9baa85824b30
Guest suite in San Francisco,"$89 
night
$89 per night",https://www.airbnb.com/rooms/37859014?adults=1&children=0&enable_m3_private_room=false&infants=0&pets=0&check_in=2023-05-07&check_out=2023-05-13&previous_page_section_name=1000&federated_search_id=960c5402-b7f7-4f66-b87b-9baa85824b30
Guesthouse in Half Moon Bay,"$108 
night
$108 per night",https://www.airbnb.com/rooms/15222956?adults=1&children=0&enable_m3_private_room=false&infants=0&pets=0&check_in=2023-04-30&check_out=2023-05-05&previous_page_section_name=1000&federated_search_id=960c5402-b7f7-4f66-b87b-9baa85824b30
Private room in San Francisco,"$71 
night
$71 per night",https://www.airbnb.com/rooms/28696499?adults=1&children=0&enable_m3_private_room=false&infants=0&pets=0&check_in=2023-06-02&check_out=2023-06-08&previous_page_section_name=1000&federated_search_id=960c5402-b7f7-4f66-b87b-9baa85824b30
Guest suite in San Francisco,"$125 
night
$125 per night",https://www.airbnb.com/rooms/3325741?adults=1&children=0&enable_m3_private_room=false&infants=0&pets=0&check_in=2023-04-30&check_out=2023-05-05&previous_page_section_name=1000&federated_search_id=960c5402-b7f7-4f66-b87b-9baa85824b30
Private room in San Francisco,"$78 
night
$78 per night",https://www.airbnb.com/rooms/647524587027068151?adults=1&children=0&enable_m3_private_room=false&infants=0&pets=0&check_in=2023-04-29&check_out=2023-05-04&previous_page_section_name=1000&federated_search_id=960c5402-b7f7-4f66-b87b-9baa85824b30
Apartment in San Francisco,"$259 
$159 
night
$159 per night, originally $259",https://www.airbnb.com/rooms/8272458?adults=1&children=0&enable_m3_private_room=false&infants=0&pets=0&check_in=2023-04-29&check_out=2023-05-04&previous_page_section_name=1000&federated_search_id=960c5402-b7f7-4f66-b87b-9baa85824b30
Apartment in San Rafael,"$61 
night
$61 per night",https://www.airbnb.com/rooms/744265016157395184?adults=1&children=0&enable_m3_private_room=false&infants=0&pets=0&check_in=2023-05-08&check_out=2023-05-13&previous_page_section_name=1000&federated_search_id=960c5402-b7f7-4f66-b87b-9baa85824b30
Apartment in San Francisco,"$199 
night
$199 per night",https://www.airbnb.com/rooms/750831362097242122?adults=1&children=0&enable_m3_private_room=false&infants=0&pets=0&check_in=2023-05-05&check_out=2023-05-10&previous_page_section_name=1000&federated_search_id=960c5402-b7f7-4f66-b87b-9baa85824b30
Private room in San Quentin,"$81 
night
$81 per night",https://www.airbnb.com/rooms/52111671?adults=1&children=0&enable_m3_private_room=false&infants=0&pets=0&check_in=2023-05-02&check_out=2023-05-07&previous_page_section_name=1000&federated_search_id=960c5402-b7f7-4f66-b87b-9baa85824b30
Cabin in Oakland,"$283 
night
$283 per night",https://www.airbnb.com/rooms/38160049?adults=1&children=0&enable_m3_private_room=false&infants=0&pets=0&check_in=2023-05-12&check_out=2023-05-17&previous_page_section_name=1000&federated_search_id=960c5402-b7f7-4f66-b87b-9baa85824b30
Hotel room in San Francisco,"$266 
$224 
night
$224 per night, originally $266",https://www.airbnb.com/rooms/49634141?adults=1&children=0&enable_m3_private_room=false&infants=0&pets=0&check_in=2023-04-18&check_out=2023-04-24&previous_page_section_name=1000&federated_search_id=960c5402-b7f7-4f66-b87b-9baa85824b30
Apartment in Pacifica,"$258 
night
$258 per night",https://www.airbnb.com/rooms/36116005?adults=1&children=0&enable_m3_private_room=false&infants=0&pets=0&check_in=2023-06-01&check_out=2023-06-07&previous_page_section_name=1000&federated_search_id=960c5402-b7f7-4f66-b87b-9baa85824b30
Private room in Daly City,"$48 
night
$48 per night",https://www.airbnb.com/rooms/842179403602322978?adults=1&children=0&enable_m3_private_room=false&infants=0&pets=0&check_in=2023-04-18&check_out=2023-04-24&previous_page_section_name=1000&federated_search_id=960c5402-b7f7-4f66-b87b-9baa85824b30
Guest suite in San Francisco,"$154 
$130 
night
$130 per night, originally $154",https://www.airbnb.com/rooms/52924955?adults=1&children=0&enable_m3_private_room=false&infants=0&pets=0&check_in=2023-05-07&check_out=2023-05-12&previous_page_section_name=1000&federated_search_id=960c5402-b7f7-4f66-b87b-9baa85824b30
Apartment in South San Francisco,"$80 
$60 
night
$60 per night, originally $80",https://www.airbnb.com/rooms/819014808293050004?adults=1&children=0&enable_m3_private_room=false&infants=0&pets=0&check_in=2023-04-18&check_out=2023-04-23&previous_page_section_name=1000&federated_search_id=960c5402-b7f7-4f66-b87b-9baa85824b30
Private room in San Francisco,"$65 
$56 
night
$56 per night, originally $65",https://www.airbnb.com/rooms/42336611?adults=1&children=0&enable_m3_private_room=false&infants=0&pets=0&check_in=2023-04-18&check_out=2023-04-25&previous_page_section_name=1000&federated_search_id=960c5402-b7f7-4f66-b87b-9baa85824b30
Home in San Francisco,"$225 
night
$225 per night",https://www.airbnb.com/rooms/44553770?adults=1&children=0&enable_m3_private_room=false&infants=0&pets=0&check_in=2023-04-28&check_out=2023-05-04&previous_page_section_name=1000&federated_search_id=960c5402-b7f7-4f66-b87b-9baa85824b30
Private room in Daly City,"$90 
night
$90 per night",https://www.airbnb.com/rooms/14573788?adults=1&children=0&enable_m3_private_room=false&infants=0&pets=0&check_in=2023-04-29&check_out=2023-05-05&previous_page_section_name=1000&federated_search_id=5f647b79-c6d5-4e29-bac8-f85334100c8c
Apartment in San Francisco,"$150 
night
$150 per night",https://www.airbnb.com/rooms/3402610?adults=1&children=0&enable_m3_private_room=false&infants=0&pets=0&check_in=2023-04-27&check_out=2023-05-02&previous_page_section_name=1000&federated_search_id=5f647b79-c6d5-4e29-bac8-f85334100c8c
Private room in San Francisco,"$101 
$81 
night
$81 per night, originally $101",https://www.airbnb.com/rooms/8356380?adults=1&children=0&enable_m3_private_room=false&infants=0&pets=0&check_in=2023-10-16&check_out=2023-10-23&previous_page_section_name=1000&federated_search_id=5f647b79-c6d5-4e29-bac8-f85334100c8c
Private room in San Francisco,"$77 
$60 
night
$60 per night, originally $77",https://www.airbnb.com/rooms/564534871369559526?adults=1&children=0&enable_m3_private_room=false&infants=0&pets=0&check_in=2023-04-20&check_out=2023-04-25&previous_page_section_name=1000&federated_search_id=5f647b79-c6d5-4e29-bac8-f85334100c8c
Private room in San Francisco,"$106 
night
$106 per night",https://www.airbnb.com/rooms/2188976?adults=1&children=0&enable_m3_private_room=false&infants=0&pets=0&check_in=2023-05-10&check_out=2023-05-15&previous_page_section_name=1000&federated_search_id=5f647b79-c6d5-4e29-bac8-f85334100c8c
Home in Daly City,"$237 
night
$237 per night",https://www.airbnb.com/rooms/41351335?adults=1&children=0&enable_m3_private_room=false&infants=0&pets=0&check_in=2023-04-18&check_out=2023-04-23&previous_page_section_name=1000&federated_search_id=5f647b79-c6d5-4e29-bac8-f85334100c8c
Guest suite in Daly City,"$99 
night
$99 per night",https://www.airbnb.com/rooms/510934234320528510?adults=1&children=0&enable_m3_private_room=false&infants=0&pets=0&check_in=2023-04-18&check_out=2023-04-23&previous_page_section_name=1000&federated_search_id=5f647b79-c6d5-4e29-bac8-f85334100c8c
Private room in San Francisco,"$84 
night
$84 per night",https://www.airbnb.com/rooms/7073115?adults=1&children=0&enable_m3_private_room=false&infants=0&pets=0&check_in=2023-04-22&check_out=2023-04-27&previous_page_section_name=1000&federated_search_id=5f647b79-c6d5-4e29-bac8-f85334100c8c
Private room in San Francisco,"$91 
night
$91 per night",https://www.airbnb.com/rooms/24376665?adults=1&children=0&enable_m3_private_room=false&infants=0&pets=0&check_in=2023-04-29&check_out=2023-05-05&previous_page_section_name=1000&federated_search_id=5f647b79-c6d5-4e29-bac8-f85334100c8c
Apartment in South San Francisco,"$80 
$50 
night
$50 per night, originally $80",https://www.airbnb.com/rooms/818987204041017186?adults=1&children=0&enable_m3_private_room=false&infants=0&pets=0&check_in=2023-04-18&check_out=2023-04-23&previous_page_section_name=1000&federated_search_id=5f647b79-c6d5-4e29-bac8-f85334100c8c
Guest suite in San Francisco,"$129 
night
$129 per night",https://www.airbnb.com/rooms/50799581?adults=1&children=0&enable_m3_private_room=false&infants=0&pets=0&check_in=2023-05-22&check_out=2023-05-27&previous_page_section_name=1000&federated_search_id=5f647b79-c6d5-4e29-bac8-f85334100c8c
Private room in San Bruno,"$67 
night
$67 per night",https://www.airbnb.com/rooms/3769292?adults=1&children=0&enable_m3_private_room=false&infants=0&pets=0&check_in=2023-04-18&check_out=2023-04-25&previous_page_section_name=1000&federated_search_id=5f647b79-c6d5-4e29-bac8-f85334100c8c
Private room in San Francisco,"$64 
night
$64 per night",https://www.airbnb.com/rooms/14043110?adults=1&children=0&enable_m3_private_room=false&infants=0&pets=0&check_in=2023-04-19&check_out=2023-04-25&previous_page_section_name=1000&federated_search_id=5f647b79-c6d5-4e29-bac8-f85334100c8c
Guest suite in San Francisco,"$139 
night
$139 per night",https://www.airbnb.com/rooms/24379811?adults=1&children=0&enable_m3_private_room=false&infants=0&pets=0&check_in=2023-04-18&check_out=2023-04-23&previous_page_section_name=1000&federated_search_id=5f647b79-c6d5-4e29-bac8-f85334100c8c
Home in Daly City,"$268 
$228 
night
$228 per night, originally $268",https://www.airbnb.com/rooms/39901174?adults=1&children=0&enable_m3_private_room=false&infants=0&pets=0&check_in=2023-07-06&check_out=2023-07-13&previous_page_section_name=1000&federated_search_id=5f647b79-c6d5-4e29-bac8-f85334100c8c
Guesthouse in Mill Valley,"$160 
night
$160 per night",https://www.airbnb.com/rooms/plus/3712191?adults=1&children=0&enable_m3_private_room=false&infants=0&pets=0&check_in=2023-06-11&check_out=2023-06-16&previous_page_section_name=1000&federated_search_id=5f647b79-c6d5-4e29-bac8-f85334100c8c
Bungalow in San Rafael,"$171 
night
$171 per night",https://www.airbnb.com/rooms/30066792?adults=1&children=0&enable_m3_private_room=false&infants=0&pets=0&check_in=2023-10-28&check_out=2023-11-03&previous_page_section_name=1000&federated_search_id=5f647b79-c6d5-4e29-bac8-f85334100c8c
Private room in San Francisco,"$78 
night
$78 per night",https://www.airbnb.com/rooms/813365786805269595?adults=1&children=0&enable_m3_private_room=false&infants=0&pets=0&check_in=2023-04-30&check_out=2023-05-05&previous_page_section_name=1000&federated_search_id=5f647b79-c6d5-4e29-bac8-f85334100c8c
Private room in San Francisco,"$95 
night
$95 per night",https://www.airbnb.com/rooms/11437138?adults=1&children=0&enable_m3_private_room=false&infants=0&pets=0&check_in=2023-05-05&check_out=2023-05-10&previous_page_section_name=1000&federated_search_id=77b4fa85-1e41-4d9d-8494-cf21d350d3e7
Hotel room in San Francisco,"$209 
night
$209 per night",https://www.airbnb.com/rooms/51497434?adults=1&children=0&enable_m3_private_room=false&infants=0&pets=0&check_in=2023-04-19&check_out=2023-04-24&previous_page_section_name=1000&federated_search_id=77b4fa85-1e41-4d9d-8494-cf21d350d3e7
Guest suite in San Francisco,"$163 
night
$163 per night",https://www.airbnb.com/rooms/6006768?adults=1&children=0&enable_m3_private_room=false&infants=0&pets=0&check_in=2023-05-07&check_out=2023-05-14&previous_page_section_name=1000&federated_search_id=77b4fa85-1e41-4d9d-8494-cf21d350d3e7
Home in San Francisco,"$155 
night
$155 per night",https://www.airbnb.com/rooms/10469182?adults=1&children=0&enable_m3_private_room=false&infants=0&pets=0&check_in=2023-06-17&check_out=2023-06-22&previous_page_section_name=1000&federated_search_id=77b4fa85-1e41-4d9d-8494-cf21d350d3e7
Private room in San Francisco,"$110 
night
$110 per night",https://www.airbnb.com/rooms/14488234?adults=1&children=0&enable_m3_private_room=false&infants=0&pets=0&check_in=2023-05-09&check_out=2023-05-14&previous_page_section_name=1000&federated_search_id=77b4fa85-1e41-4d9d-8494-cf21d350d3e7
Shared room in San Francisco,"$46 
$37 
night
$37 per night, originally $46",https://www.airbnb.com/rooms/35493951?adults=1&children=0&enable_m3_private_room=false&infants=0&pets=0&check_in=2023-04-18&check_out=2023-04-25&previous_page_section_name=1000&federated_search_id=77b4fa85-1e41-4d9d-8494-cf21d350d3e7
Private room in San Francisco,"$120 
$103 
night
$103 per night, originally $120",https://www.airbnb.com/rooms/23433090?adults=1&children=0&enable_m3_private_room=false&infants=0&pets=0&check_in=2023-05-03&check_out=2023-05-10&previous_page_section_name=1000&federated_search_id=77b4fa85-1e41-4d9d-8494-cf21d350d3e7
Private room in Union City,"$49 
$41 
night
$41 per night, originally $49",https://www.airbnb.com/rooms/729311546195588422?adults=1&children=0&enable_m3_private_room=false&infants=0&pets=0&check_in=2023-04-19&check_out=2023-04-24&previous_page_section_name=1000&federated_search_id=77b4fa85-1e41-4d9d-8494-cf21d350d3e7
Private room in Daly City,"$85 
$65 
night
$65 per night, originally $85",https://www.airbnb.com/rooms/21740655?adults=1&children=0&enable_m3_private_room=false&infants=0&pets=0&check_in=2023-05-02&check_out=2023-05-08&previous_page_section_name=1000&federated_search_id=77b4fa85-1e41-4d9d-8494-cf21d350d3e7
Hotel room in San Francisco,"$173 
night
$173 per night",https://www.airbnb.com/rooms/51746773?adults=1&children=0&enable_m3_private_room=false&infants=0&pets=0&check_in=2023-04-19&check_out=2023-04-24&previous_page_section_name=1000&federated_search_id=77b4fa85-1e41-4d9d-8494-cf21d350d3e7
Private room in San Francisco,"$73 
night
$73 per night",https://www.airbnb.com/rooms/850205091623902312?adults=1&children=0&enable_m3_private_room=false&infants=0&pets=0&check_in=2023-04-18&check_out=2023-04-25&previous_page_section_name=1000&federated_search_id=77b4fa85-1e41-4d9d-8494-cf21d350d3e7
Private room in Daly City,"$79 
$69 
night
$69 per night, originally $79",https://www.airbnb.com/rooms/610894340714962142?adults=1&children=0&enable_m3_private_room=false&infants=0&pets=0&check_in=2023-04-18&check_out=2023-04-23&previous_page_section_name=1000&federated_search_id=77b4fa85-1e41-4d9d-8494-cf21d350d3e7
Private room in San Francisco,"$69 
night
$69 per night",https://www.airbnb.com/rooms/38158914?adults=1&children=0&enable_m3_private_room=false&infants=0&pets=0&check_in=2023-05-06&check_out=2023-05-11&previous_page_section_name=1000&federated_search_id=77b4fa85-1e41-4d9d-8494-cf21d350d3e7
Home in East Palo Alto,"$145 
night
$145 per night",https://www.airbnb.com/rooms/868967864904579773?adults=1&children=0&enable_m3_private_room=false&infants=0&pets=0&check_in=2023-04-18&check_out=2023-04-25&previous_page_section_name=1000&federated_search_id=77b4fa85-1e41-4d9d-8494-cf21d350d3e7
Private room in San Francisco,"$72 
$59 
night
$59 per night, originally $72",https://www.airbnb.com/rooms/625351024287676850?adults=1&children=0&enable_m3_private_room=false&infants=0&pets=0&check_in=2023-04-29&check_out=2023-05-04&previous_page_section_name=1000&federated_search_id=77b4fa85-1e41-4d9d-8494-cf21d350d3e7
Private room in San Francisco,"$200 
$160 
night
$160 per night, originally $200",https://www.airbnb.com/rooms/22261569?adults=1&children=0&enable_m3_private_room=false&infants=0&pets=0&check_in=2023-04-18&check_out=2023-04-24&previous_page_section_name=1000&federated_search_id=77b4fa85-1e41-4d9d-8494-cf21d350d3e7
Private room in San Francisco,"$149 
$119 
night
$119 per night, originally $149",https://www.airbnb.com/rooms/866775404303929653?adults=1&children=0&enable_m3_private_room=false&infants=0&pets=0&check_in=2023-04-18&check_out=2023-04-25&previous_page_section_name=1000&federated_search_id=77b4fa85-1e41-4d9d-8494-cf21d350d3e7
Private room in San Bruno,"$65 
night
$65 per night",https://www.airbnb.com/rooms/53607277?adults=1&children=0&enable_m3_private_room=false&infants=0&pets=0&check_in=2023-04-21&check_out=2023-04-26&previous_page_section_name=1000&federated_search_id=77b4fa85-1e41-4d9d-8494-cf21d350d3e7
Private room in San Francisco,"$81 
$68 
night
$68 per night, originally $81",https://www.airbnb.com/rooms/36928742?adults=1&children=0&enable_m3_private_room=false&infants=0&pets=0&check_in=2023-04-23&check_out=2023-04-29&previous_page_section_name=1000&federated_search_id=342098c4-7b07-49ad-aac5-63cce0fd9607
Guest suite in San Francisco,"$201 
night
$201 per night",https://www.airbnb.com/rooms/49180146?adults=1&children=0&enable_m3_private_room=false&infants=0&pets=0&check_in=2023-04-28&check_out=2023-05-03&previous_page_section_name=1000&federated_search_id=342098c4-7b07-49ad-aac5-63cce0fd9607
Private room in South San Francisco,"$74 
$65 
night
$65 per night, originally $74",https://www.airbnb.com/rooms/21179111?adults=1&children=0&enable_m3_private_room=false&infants=0&pets=0&check_in=2023-04-18&check_out=2023-04-25&previous_page_section_name=1000&federated_search_id=342098c4-7b07-49ad-aac5-63cce0fd9607
Private room in San Francisco,"$66 
night
$66 per night",https://www.airbnb.com/rooms/30351194?adults=1&children=0&enable_m3_private_room=false&infants=0&pets=0&check_in=2023-05-29&check_out=2023-06-03&previous_page_section_name=1000&federated_search_id=342098c4-7b07-49ad-aac5-63cce0fd9607
Private room in San Bruno,"$52 
night
$52 per night",https://www.airbnb.com/rooms/726986015697846171?adults=1&children=0&enable_m3_private_room=false&infants=0&pets=0&check_in=2023-05-20&check_out=2023-05-25&previous_page_section_name=1000&federated_search_id=342098c4-7b07-49ad-aac5-63cce0fd9607
Private room in Daly City,"$60 
night
$60 per night",https://www.airbnb.com/rooms/50024309?adults=1&children=0&enable_m3_private_room=false&infants=0&pets=0&check_in=2023-05-08&check_out=2023-05-13&previous_page_section_name=1000&federated_search_id=342098c4-7b07-49ad-aac5-63cce0fd9607
Shared room in Daly City,"$32 
night
$32 per night",https://www.airbnb.com/rooms/52289752?adults=1&children=0&enable_m3_private_room=false&infants=0&pets=0&check_in=2023-04-23&check_out=2023-04-30&previous_page_section_name=1000&federated_search_id=342098c4-7b07-49ad-aac5-63cce0fd9607
Shared room in South San Francisco,"$41 
night
$41 per night",https://www.airbnb.com/rooms/21387647?adults=1&children=0&enable_m3_private_room=false&infants=0&pets=0&check_in=2023-05-07&check_out=2023-05-12&previous_page_section_name=1000&federated_search_id=342098c4-7b07-49ad-aac5-63cce0fd9607
Private room in San Francisco,"$172 
$129 
night
$129 per night, originally $172",https://www.airbnb.com/rooms/50875485?adults=1&children=0&enable_m3_private_room=false&infants=0&pets=0&check_in=2023-04-28&check_out=2023-05-04&previous_page_section_name=1000&federated_search_id=342098c4-7b07-49ad-aac5-63cce0fd9607
Private room in San Francisco,"$58 
night
$58 per night",https://www.airbnb.com/rooms/39424579?adults=1&children=0&enable_m3_private_room=false&infants=0&pets=0&check_in=2023-05-13&check_out=2023-05-18&previous_page_section_name=1000&federated_search_id=342098c4-7b07-49ad-aac5-63cce0fd9607
Apartment in Oakland,"$71 
night
$71 per night",https://www.airbnb.com/rooms/642880884619289667?adults=1&children=0&enable_m3_private_room=false&infants=0&pets=0&check_in=2023-04-18&check_out=2023-04-25&previous_page_section_name=1000&federated_search_id=342098c4-7b07-49ad-aac5-63cce0fd9607
Home in San Francisco,"$229 
$189 
night
$189 per night, originally $229",https://www.airbnb.com/rooms/48299614?adults=1&children=0&enable_m3_private_room=false&infants=0&pets=0&check_in=2023-04-30&check_out=2023-05-05&previous_page_section_name=1000&federated_search_id=342098c4-7b07-49ad-aac5-63cce0fd9607
Guest suite in San Francisco,"$99 
night
$99 per night",https://www.airbnb.com/rooms/545685?adults=1&children=0&enable_m3_private_room=false&infants=0&pets=0&check_in=2023-08-13&check_out=2023-08-19&previous_page_section_name=1000&federated_search_id=342098c4-7b07-49ad-aac5-63cce0fd9607
Hotel room in San Francisco,"$128 
$111 
night
$111 per night, originally $128",https://www.airbnb.com/rooms/41785579?adults=1&children=0&enable_m3_private_room=false&infants=0&pets=0&check_in=2023-04-18&check_out=2023-04-24&previous_page_section_name=1000&federated_search_id=342098c4-7b07-49ad-aac5-63cce0fd9607
Apartment in San Francisco,"$232 
night
$232 per night",https://www.airbnb.com/rooms/588432150219405518?adults=1&children=0&enable_m3_private_room=false&infants=0&pets=0&check_in=2023-05-09&check_out=2023-05-14&previous_page_section_name=1000&federated_search_id=342098c4-7b07-49ad-aac5-63cce0fd9607
Private room in San Francisco,"$85 
night
$85 per night",https://www.airbnb.com/rooms/11241173?adults=1&children=0&enable_m3_private_room=false&infants=0&pets=0&check_in=2023-05-04&check_out=2023-05-09&previous_page_section_name=1000&federated_search_id=342098c4-7b07-49ad-aac5-63cce0fd9607
Private room in Daly City,"$95 
night
$95 per night",https://www.airbnb.com/rooms/plus/42591332?adults=1&children=0&enable_m3_private_room=false&infants=0&pets=0&check_in=2023-05-15&check_out=2023-05-20&previous_page_section_name=1000&federated_search_id=342098c4-7b07-49ad-aac5-63cce0fd9607
Private room in San Francisco,"$63 
night
$63 per night",https://www.airbnb.com/rooms/51027324?adults=1&children=0&enable_m3_private_room=false&infants=0&pets=0&check_in=2023-05-07&check_out=2023-05-12&previous_page_section_name=1000&federated_search_id=342098c4-7b07-49ad-aac5-63cce0fd9607
